--
-- PostgreSQL database dump
--

CREATE TYPE public.audiostatus AS ENUM (
    'pending',
    'approved'
);

COPY public.admin_users (id, username, password, is_active, role, created_at, updated_at) FROM stdin;
1	admin	$2b$12$rhBDNMrI9wdVSFkXxIOEK.o856obrlNjbpMjQWi9Z4IYxyNPfyQx6	t	superadmin	2025-11-24 13:53:13.551042+05	2025-11-24 13:53:13.551042+05
5	user	$2b$12$9V62WLvn7oBR5y/eenr1Geh6/Bd9uQJ0divCkcIUilhGvBmRjovLm	t	checker	2025-12-18 12:53:56.569626+05	2025-12-18 12:53:56.569626+05
2	muzaffar	$2b$12$9V62WLvn7oBR5y/eenr1Geh6/Bd9uQJ0divCkcIUilhGvBmRjovLm	t	superadmin	2025-11-24 14:00:53.399994+05	2025-11-24 14:00:53.399994+05
\.

COPY public.users (id, telegram_id, gender, info, created_at, name, age) FROM stdin;
2	814385075	Male	\N	2025-11-30 23:46:47.157003+05	tester	18
4	string	male	string	2025-12-02 21:15:41.297189+05	string	20
1	112436605	male	403	2025-11-24 14:00:53.355571+05	muzaffar	20
5	1383186462	Male	\N	2025-12-03 18:18:03.586419+05	tester2	20
3	5450401386	Male	\N	2025-12-01 12:04:25.894237+05	tester3	21
6	5492989853	Female	\N	2025-12-12 11:34:44.890944+05	Mira	21
7	548898030	Male	403	2025-12-20 13:12:42.135707+05	Muzaffar 2	20
8	5479084594	Male	\N	2025-12-24 13:54:36.84387+05	✍️ Profil ma'lumotlarini o'zgartirish	21
9	7750902933	Female	Men mahbus 426- qamoq darchasidan mayus boqaman😂	2025-12-24 15:59:42.194275+05	Dunyo	20
10	7794165101	Female	.	2025-12-24 15:59:42.194275+05	Iroda	21
11	5180186790	Male	I am a Batmen	2025-12-24 15:59:42.194275+05	Mehroj	87
\.

COPY public.sentences (id, text, language, created_at) FROM stdin;
1	bir	uz	2025-11-24 14:08:30.209175+05
2	ikki\n	uz	2025-11-30 20:59:14.004527+05
3	uch	uz	2025-12-01 11:16:17.318923+05
4	to'rt	uz	2025-12-01 15:00:44.731624+05
5	besh	uz	2025-12-02 23:04:38.130469+05
6	olti	uz	2025-12-03 19:49:29.228455+05
7	yetti\n	uz	2025-12-20 13:12:42.452208+05
8	sakkiz	uz	2025-12-20 13:12:42.452208+05
9	toqqiz\n	uz	2025-12-20 13:12:42.452208+05
10	o'n	uz	2025-12-20 13:12:42.452208+05
11	o'n bir\n	uz	2025-12-20 13:12:42.452208+05
12	o'n ikki	uz	2025-12-24 13:54:37.054919+05
13	o'n uch\n	uz	2025-12-24 13:54:37.054919+05
14	o'n to'rt	uz	2025-12-29 10:51:15.920347+05
\.

COPY public.received_audio (id, user_id, sentence_id, audio_path, duration, created_at, status) FROM stdin;
1	1	1	audio/f8c69f90-bec0-4bf3-98a9-75d49a9aa694.ogg	\N	2025-11-24 14:08:29.96786+05	approved
2	1	2	audio/7f3cdcbe-384c-44a2-bf73-e2f1497f56b8.ogg	\N	2025-12-01 11:21:10.282331+05	approved
4	2	1	audio/a053aed9-2619-4cf1-8425-a4a075825260.ogg	\N	2025-12-01 11:16:17.03163+05	approved
5	2	3	audio/15007ee0-51c7-43ea-a9e7-6a5ffc71b7e0.ogg	\N	2025-12-01 11:47:23.135933+05	approved
6	2	2	audio/80cdf585-ccca-45aa-8f6b-f440d1a921f1.ogg	\N	2025-12-01 11:47:23.135933+05	approved
7	1	3	audio/ebaabafb-9674-40c4-8da8-deb9e9958d9f.ogg	\N	2025-12-01 11:47:23.135933+05	approved
8	3	2	audio/d713e46a-ee31-4440-8ab2-09807d7c3b01.ogg	\N	2025-12-01 12:04:25.901999+05	approved
10	3	3	audio/b11d0fa3-cdb0-4130-a864-a08f14ef6165.ogg	\N	2025-12-01 12:04:25.901999+05	approved
11	1	4	audio/bd5811b4-7684-4f60-979b-6c49921edde6.ogg	\N	2025-12-01 15:00:44.561036+05	approved
13	5	2	audio/96a340de-4172-4254-b201-c60913f8c91a.ogg	\N	2025-12-03 18:18:03.609798+05	approved
12	1	5	audio/5c38fce5-81f9-4b26-8997-57ab4d7cc68f.ogg	3	2025-12-03 19:35:10.67971+05	approved
17	2	6	audio/7602fc17-0e36-4d30-b48d-edc8f7645d64.ogg	\N	2025-12-03 19:59:36.093274+05	approved
14	2	4	audio/cf07229d-2940-4459-98f8-9a33794bea0d.ogg	2	2025-12-03 20:02:51.659212+05	approved
49	9	9	audio/62093580-3fe0-4d2d-8e0b-92c15e036c79.ogg	1	2025-12-24 15:59:42.21863+05	approved
15	2	5	audio/bc926002-af04-41e8-9500-c1c777749b33.ogg	2	2025-12-03 20:04:19.465365+05	approved
50	10	1	audio/343c7afe-2df4-462b-916e-fcd495838ca3.ogg	1	2025-12-24 15:59:42.21863+05	approved
16	1	6	audio/fbb19a06-6387-47f8-b764-8cd89edeac57.ogg	2	2025-12-18 12:19:56.69228+05	approved
18	1	7	audio/0ad94f81-3890-4d47-b6c3-79d7af8be889.ogg	2	2025-12-20 13:12:42.153884+05	approved
19	2	7	audio/59fd7d7f-94b8-4f00-80c7-b289490f8251.ogg	3	2025-12-20 13:12:42.153884+05	approved
20	1	8	audio/0cc99b07-cc80-4af9-936d-443581415e60.ogg	2	2025-12-20 13:12:42.153884+05	approved
21	1	9	audio/7082bec8-40a9-484a-8ff6-61c24c390876.ogg	4	2025-12-20 13:46:10.45882+05	approved
22	1	11	audio/37b81d0e-294e-4064-87dc-fe75288a876f.ogg	1	2025-12-20 13:12:42.153884+05	approved
23	1	10	audio/29f3f051-e96f-4fa8-82b9-56f800c0901e.ogg	2	2025-12-20 13:12:42.153884+05	approved
24	2	8	audio/9d59429d-21f6-4468-92a1-a5fc9a6a1c1d.ogg	1	2025-12-20 13:12:42.153884+05	approved
25	2	11	audio/a4857747-f03f-46e9-8047-275ed4cd5650.ogg	2	2025-12-20 13:12:42.153884+05	approved
26	2	9	audio/d602dbec-9245-48bf-a60a-533cfe4b459e.ogg	3	2025-12-20 13:12:42.153884+05	approved
27	2	10	audio/9020a972-a474-460e-8204-d40b453f657c.ogg	2	2025-12-20 13:12:42.153884+05	approved
28	7	5	audio/50b077d7-df64-4ced-be18-7c2e8e629133.ogg	2	2025-12-20 13:12:42.153884+05	approved
29	7	3	audio/fc4701a3-8954-450e-9e42-d4d73c183b22.ogg	2	2025-12-20 13:12:42.153884+05	approved
30	7	8	audio/1590f488-786d-47a5-844c-082fc249de97.ogg	3	2025-12-20 13:12:42.153884+05	approved
31	7	10	audio/9ee6183a-b5a5-49bb-a662-779ca395485f.ogg	3	2025-12-20 13:12:42.153884+05	approved
32	7	11	audio/1484935c-bbb6-4b2a-8394-208aa3cc2496.ogg	2	2025-12-20 13:12:42.153884+05	approved
33	7	7	audio/135af61e-b164-42f9-8de7-4831179f2b01.ogg	2	2025-12-20 13:12:42.153884+05	approved
34	7	9	audio/5d3b18fa-95fb-44ee-a351-c15dd5240d0f.ogg	3	2025-12-20 13:12:42.153884+05	approved
35	7	1	audio/7334567d-d816-4280-98cf-470166850e98.ogg	3	2025-12-20 13:12:42.153884+05	approved
36	7	2	audio/1f944c2a-6ebe-4327-9367-b4bcdbdb4c98.ogg	3	2025-12-20 13:12:42.153884+05	approved
37	7	6	audio/05671aa0-27a7-46cd-ba07-ba38a1378809.ogg	2	2025-12-20 13:12:42.153884+05	approved
38	1	12	audio/7e7f8aff-b249-4899-94db-289318e3ce32.ogg	2	2025-12-24 13:54:36.860463+05	approved
39	1	13	audio/12c04104-18ca-47ef-b987-ba49c526e640.ogg	4	2025-12-24 13:54:36.860463+05	approved
40	2	12	audio/b9d3bce8-0074-4ba7-99fa-1ca14b105c4a.ogg	3	2025-12-24 13:54:36.860463+05	approved
41	2	13	audio/fd1cf658-06e4-45f0-a233-a5c414568460.ogg	3	2025-12-24 13:54:36.860463+05	approved
42	8	4	audio/33c57198-2053-4df9-b95b-bdb2ef149fe3.ogg	0	2025-12-24 13:54:36.860463+05	approved
43	8	11	audio/02a4f950-8245-4fbb-9fec-e0d0d0c73152.ogg	1	2025-12-24 13:54:36.860463+05	approved
44	8	7	audio/fda0f900-a1dc-43e8-af2e-7809800ffeea.ogg	1	2025-12-24 13:54:36.860463+05	approved
45	8	3	audio/47beb0b3-db8e-403b-993c-c29378bfb3f2.ogg	0	2025-12-24 13:54:36.860463+05	approved
46	8	6	audio/92f9fca2-64d2-4d9b-9375-9025da114f40.ogg	1	2025-12-24 13:54:36.860463+05	approved
47	9	4	audio/e1413383-4da8-49b2-b0bb-8c202211b10d.ogg	1	2025-12-24 15:59:42.21863+05	approved
48	10	8	audio/a4560f6d-50cd-42ee-9329-196170a7d051.ogg	1	2025-12-24 15:59:42.21863+05	approved
51	9	8	audio/d7d48f22-5de0-4372-ba15-6d0f5853e8a8.ogg	1	2025-12-24 15:59:42.21863+05	approved
52	10	5	audio/0215744b-0c94-4e85-9468-8225e819ba1c.ogg	1	2025-12-24 15:59:42.21863+05	approved
53	10	9	audio/a3abf5b4-acad-4b17-9cc0-668a413a3dde.ogg	2	2025-12-24 15:59:42.21863+05	approved
54	9	3	audio/7f319c9e-4f19-4b7d-9e01-b7eac88ca749.ogg	1	2025-12-24 15:59:42.21863+05	approved
55	9	1	audio/93d49611-be8e-4d87-be47-e3bfa62ac797.ogg	1	2025-12-24 15:59:42.21863+05	approved
56	9	12	audio/094658f1-59ac-4006-b9cd-00195f505e12.ogg	1	2025-12-24 15:59:42.21863+05	approved
57	9	10	audio/2df070f4-c093-484c-837f-e1925090a579.ogg	1	2025-12-24 15:59:42.21863+05	approved
58	9	13	audio/ca1724c5-810d-4c72-bdcc-58efa88d50e8.ogg	2	2025-12-24 15:59:42.21863+05	approved
59	9	2	audio/52fa3b7a-fb4e-4da0-bb5d-a45c40602df2.ogg	1	2025-12-24 15:59:42.21863+05	approved
60	9	5	audio/6aba41c7-5dd5-4630-b4d2-89e7906fb074.ogg	2	2025-12-24 15:59:42.21863+05	approved
61	9	11	audio/30eb2319-a149-4978-bae5-765738ecf1df.ogg	1	2025-12-24 15:59:42.21863+05	approved
62	9	7	audio/642f4821-ff65-4e9f-8da6-7752beb8369c.ogg	1	2025-12-24 15:59:42.21863+05	approved
63	9	6	audio/6979d3a7-372c-4468-ae27-a09dea18f9df.ogg	1	2025-12-24 15:59:42.21863+05	approved
65	10	10	audio/f399afaa-df3a-4304-90a1-af4e9c0c0f22.ogg	2	2025-12-24 15:59:42.21863+05	approved
66	10	2	audio/af97d133-d884-4b09-9de9-c626b2310339.ogg	1	2025-12-24 15:59:42.21863+05	approved
67	10	4	audio/ac9e58c4-eb60-4941-a94e-4208275c395d.ogg	2	2025-12-24 15:59:42.21863+05	approved
68	10	7	audio/77188896-3aeb-4116-b035-c560f9f6ef32.ogg	3	2025-12-24 15:59:42.21863+05	approved
69	10	13	audio/93333a88-5972-4f23-bf1a-a8a6b058d67d.ogg	3	2025-12-24 15:59:42.21863+05	approved
70	10	3	audio/bb12e737-6ffb-4ef6-bf9c-693f2843f9de.ogg	1	2025-12-24 15:59:42.21863+05	approved
71	10	6	audio/311e2f30-7162-4538-8bdb-803c8d036b6a.ogg	2	2025-12-24 15:59:42.21863+05	approved
72	10	11	audio/1ec84c7a-0b40-47c3-8218-1079ef766abb.ogg	2	2025-12-24 15:59:42.21863+05	approved
73	10	12	audio/3e7ad2ff-f25a-452a-a23f-a1846611eeb8.ogg	3	2025-12-24 15:59:42.21863+05	approved
74	1	14	audio/0e8fbef9-d3a6-4eb1-ab37-27dc754dc0cc.ogg	2	2025-12-29 10:51:15.53975+05	approved
77	6	1	audio/d83d0168-34c1-4754-b983-f6c16fc0ec30.ogg	2	2026-02-27 13:26:58.288713+05	approved
\.

COPY public.checked_audio (id, audio_id, checked_by, comment, is_correct, checked_at, status, second_checker_id, second_check_result, second_checked_at) FROM stdin;
23	20	2	\N	t	2025-12-20 13:12:42.159308+05	approved	5	t	2025-12-20 13:46:58.795001
24	21	2	\N	t	2025-12-20 13:12:42.159308+05	approved	5	t	2025-12-20 13:47:02.672463
8	11	2	\N	f	2025-12-03 19:59:36.102368+05	approved	2	\N	\N
7	4	1	\N	t	2025-12-03 19:36:01.348374+05	approved	2	t	2025-12-16 14:52:15.991635
4	5	1	\N	t	2025-12-01 13:29:23.355805+05	approved	2	\N	\N
19	13	1	\N	t	2025-12-20 13:12:42.159308+05	approved	5	t	2025-12-20 13:47:11.179278
5	8	1	\N	t	2025-12-01 13:29:23.355805+05	approved	2	t	2025-12-16 15:06:25.338586
2	1	2	\N	t	2025-12-01 11:48:00.75038+05	approved	2	t	2025-12-18 11:45:35.936196
3	6	1	\N	t	2025-12-01 11:47:23.141986+05	approved	2	\N	\N
1	2	2	\N	t	2025-12-01 11:16:17.038161+05	approved	2	t	2025-12-18 12:02:58.072924
25	22	2	\N	t	2025-12-20 13:12:42.159308+05	approved	5	t	2025-12-20 13:57:57.915981
27	24	1	\N	t	2025-12-20 13:12:42.159308+05	approved	5	t	2025-12-20 14:05:37.145814
28	26	1	\N	t	2025-12-20 13:12:42.159308+05	approved	5	t	2025-12-20 14:05:44.586463
30	27	1	\N	t	2025-12-20 13:12:42.159308+05	approved	5	t	2025-12-20 14:11:39.968489
46	33	2	\N	t	2025-12-24 13:54:36.865346+05	approved	5	t	2025-12-24 15:19:15.672316
56	40	1	\N	t	2025-12-24 13:54:36.865346+05	approved	5	t	2025-12-24 15:48:39.000465
60	42	1	\N	t	2025-12-24 13:54:36.865346+05	approved	5	t	2025-12-24 15:48:47.735712
50	34	2	\N	t	2025-12-24 13:54:36.865346+05	approved	5	t	2025-12-24 15:29:12.896945
31	13	7	\N	t	2025-12-20 13:12:42.159308+05	approved	5	f	2025-12-24 13:58:27.89713
33	30	1	\N	t	2025-12-20 13:12:42.159308+05	approved	5	t	2025-12-24 13:58:34.038495
62	43	1	\N	t	2025-12-24 13:54:36.865346+05	approved	5	t	2025-12-24 15:50:23.663751
35	36	1	\N	t	2025-12-20 13:12:42.159308+05	approved	5	t	2025-12-24 14:20:48.987928
52	35	2	\N	t	2025-12-24 13:54:36.865346+05	approved	5	t	2025-12-24 15:35:58.492639
37	1	7	\N	t	2025-12-20 13:12:42.159308+05	approved	5	t	2025-12-24 14:21:07.665125
36	37	1	\N	t	2025-12-20 13:12:42.159308+05	approved	5	t	2025-12-24 14:21:10.323438
63	45	1	\N	t	2025-12-24 13:54:36.865346+05	approved	5	t	2025-12-24 15:50:27.361136
38	28	1	\N	t	2025-12-20 13:12:42.159308+05	approved	5	t	2025-12-24 14:21:22.044312
53	30	2	\N	t	2025-12-24 13:54:36.865346+05	approved	5	f	2025-12-24 15:36:13.197736
54	39	2	\N	t	2025-12-24 13:54:36.865346+05	approved	5	t	2025-12-24 15:45:25.011798
55	38	2	\N	t	2025-12-24 13:54:36.865346+05	approved	5	t	2025-12-24 15:46:19.505761
155	30	1	\N	t	2025-12-29 10:54:42.566181+05	approved	5	t	2025-12-29 10:56:24.385687
121	8	9	\N	t	2025-12-24 16:29:03.044852+05	approved	5	t	2025-12-24 16:52:36.187676
122	26	9	\N	f	2025-12-24 16:29:03.044852+05	approved	5	t	2025-12-24 16:52:42.814063
126	33	9	\N	f	2025-12-24 16:29:03.044852+05	approved	5	t	2026-02-09 15:45:25.463069
127	48	9	\N	t	2025-12-24 16:29:03.044852+05	approved	5	t	2026-02-09 15:54:08.310041
129	28	9	\N	f	2025-12-24 16:29:03.044852+05	approved	5	t	2026-02-09 15:57:36.58096
130	44	9	\N	t	2025-12-24 16:29:03.044852+05	approved	5	t	2026-02-09 15:57:42.275212
131	52	9	\N	t	2025-12-24 16:29:03.044852+05	approved	5	t	2026-02-09 15:57:51.453353
132	16	9	\N	t	2025-12-24 16:29:03.044852+05	approved	5	t	2026-02-09 15:58:05.804486
133	37	9	\N	f	2025-12-24 16:29:03.044852+05	approved	5	t	2026-02-09 15:58:29.32518
157	73	1	\N	t	2026-02-09 16:22:42.571308+05	approved	5	t	2026-02-10 09:03:57.074644
135	6	9	\N	f	2025-12-24 16:29:03.044852+05	approved	5	t	2026-02-10 09:04:12.062157
137	5	9	\N	f	2025-12-24 16:29:03.044852+05	approved	5	t	2026-02-10 14:59:35.36797
138	53	9	\N	f	2025-12-24 16:29:03.044852+05	approved	5	t	2026-02-10 14:59:44.635793
140	29	9	\N	f	2025-12-24 16:29:03.044852+05	approved	5	t	2026-02-27 13:31:28.644321
\.
